1,Lewis,Hamilton,https://api.sofascore.com/api/v1/team/7135/image,5
2,Valterri,Bottas,https://api.sofascore.com/api/v1/team/41600/image,7
1003,Max,Verstappen,https://api.sofascore.com/api/v1/team/191417/image,8
1004,Sergio,Perez,https://api.sofascore.com/api/v1/team/46337/image,9
1005,Daniel,Ricciardo,https://api.sofascore.com/api/v1/team/41603/image,1
1006,Carlos,Sainz Jr.,https://api.sofascore.com/api/v1/team/191481/image,10
1007,Alex,Albon,https://api.sofascore.com/api/v1/team/312054/image,5
1008,Charles,Leclerc,https://api.sofascore.com/api/v1/team/226818/image,11
1009,Lando,Norris,https://api.sofascore.com/api/v1/team/312056/image,5
1010,Pierre,Gasly,https://api.sofascore.com/api/v1/team/267427/image,12
1011,Lance,Stroll,https://api.sofascore.com/api/v1/team/242140/image,15
1012,Esteban,Ocon,https://api.sofascore.com/api/v1/team/221749/image,12
1013,Sebastian,Vettel,https://api.sofascore.com/api/v1/team/7610/image,6
1014,Danil,Kvyat,https://api.sofascore.com/api/v1/team/131762/image,25
1015,Nico,Hulkenberg,https://api.sofascore.com/api/v1/team/39412/image,6
1016,Kimi,Raikkonen,https://api.sofascore.com/api/v1/team/4538/image,7
1017,Antonio,Giovinazzi,https://api.sofascore.com/api/v1/team/214857/image,13
1018,George,Russell,https://api.sofascore.com/api/v1/team/271315/image,5
1019,Romain,Grosjean,https://api.sofascore.com/api/v1/team/37294/image,12
1020,Kevin,Magnussen,https://api.sofascore.com/api/v1/team/135592/image,14
1021,Nicholas,Latifi,https://api.sofascore.com/api/v1/team/312057/image,15
1022,Jack,Aitken,https://api.sofascore.com/api/v1/team/353281/image,5
1023,Pietro,Fittipaldi,https://api.sofascore.com/api/v1/team/278168/image,16
1024,Robert,Kubica,https://api.sofascore.com/api/v1/team/6152/image,17
1025,Fernando,Alonso,https://api.sofascore.com/api/v1/team/4521/image,10
1026,Stoffel,Vandoorne,https://api.sofascore.com/api/v1/team/217133/image,18
1027,Marcus,Ericsson,https://api.sofascore.com/api/v1/team/136140/image,19
1028,Brendon,Hartley,https://api.sofascore.com/api/v1/team/268985/image,34
1029,Sergey,Sirotkin,https://api.sofascore.com/api/v1/team/220927/image,25
1030,Felipe,Massa,https://api.sofascore.com/api/v1/team/4533/image,16
1031,Jolyon,Palmer,https://api.sofascore.com/api/v1/team/214899/image,5
1032,Pascal,Wehrlein,https://api.sofascore.com/api/v1/team/95039/image,6
1033,Nico,Rosberg,https://api.sofascore.com/api/v1/team/5769/image,6
1034,Jenson,Button,https://api.sofascore.com/api/v1/team/4524/image,5
1035,Felipe,Nasr,https://api.sofascore.com/api/v1/team/191416/image,16
1036,Esteban,Gutierrez,https://api.sofascore.com/api/v1/team/83579/image,9
1037,Rio,Haryanto,https://api.sofascore.com/api/v1/team/215541/image,11
1038,Pastor,Maldonado,https://api.sofascore.com/api/v1/team/48873/image,20
1039,Rio,Merhi,https://api.sofascore.com/api/v1/team/191716/image,11
1040,Alex,Rossi,https://api.sofascore.com/api/v1/team/70150/image,27
1041,William,Stevens,https://api.sofascore.com/api/v1/team/191715/image,5
1042,Sebastian,Ogier,https://api.sofascore.com/api/v1/team/50075/image,12
1043,Thierry,Neuville,https://api.sofascore.com/api/v1/team/62796/image,18
1044,Ott,Tanak,https://api.sofascore.com/api/v1/team/66058/image,37
1045,Jari-Matti,Latvala,https://api.sofascore.com/api/v1/team/7230/image,7
1046,Esapekka,Lappi,https://api.sofascore.com/api/v1/team/214667/image,7
1047,Andreas,Mikkelsen,https://api.sofascore.com/api/v1/team/7232/image,38
1048,Elfyn,Evans,https://api.sofascore.com/api/v1/team/137700/image,5
1049,Hayden,Paddon,https://api.sofascore.com/api/v1/team/174492/image,1
1050,Dani,Sordo,https://api.sofascore.com/api/v1/team/188654/image,10
1051,Mads,Ostberg,https://api.sofascore.com/api/v1/team/7196/image,38
1052,Craig,Breen,https://api.sofascore.com/api/v1/team/214622/image,5
1053,Teemu,Suninen,https://api.sofascore.com/api/v1/team/214699/image,7
1054,Seabstien,Loeb,https://api.sofascore.com/api/v1/team/188653/image,12
1055,Kris,Meeke,https://api.sofascore.com/api/v1/team/50952/image,5
1056,Mick,Schumacher,"https://res.cloudinary.com/prod-f2f3/c_fill,dpr_1.0,f_auto,g_auto,h_65,w_100/v1/f2/global/drivers/2020/_R3I4652",6
1057,Callum,Ilott,"https://res.cloudinary.com/prod-f2f3/c_fill,dpr_1.0,f_auto,g_auto,h_65,w_100/v1/f2/global/drivers/2020/Ilott_R3I5274",5
1058,Yuki,Tsunoda,"https://res.cloudinary.com/prod-f2f3/c_fill,dpr_1.0,f_auto,g_auto,h_65,w_100/v1/f2/global/drivers/2020/_R3I5774",26
1059,Robert,Schwartzman,"https://res.cloudinary.com/prod-f2f3/ar_16:9,c_fill,dpr_1.0,f_auto,g_auto,w_1000/v1/f2/global/drivers/2020/_R3I6246",25
1060,Nikita,Mazepin,"https://res.cloudinary.com/prod-f2f3/ar_16:9,c_fill,dpr_1.0,f_auto,g_auto,w_1000/v1/f2/global/drivers/2020/_R3I5626",25
1061,Guanyu,Zhou,"https://res.cloudinary.com/prod-f2f3/ar_16:9,c_fill,dpr_1.0,f_auto,g_auto,w_1000/v1/f2/global/drivers/2020/_R3I5201",3
1062,Christian,Lungaard,"https://res.cloudinary.com/prod-f2f3/ar_16:9,c_fill,dpr_1.0,f_auto,g_auto,w_1000/v1/f2/global/drivers/2020/Portrait-Base_Lundgaard020",14
1063,Louis,Deletraz,"https://res.cloudinary.com/prod-f2f3/ar_16:9,c_fill,dpr_1.0,f_auto,g_auto,w_1000/v1/f2/global/drivers/2020/_R3I4997",41
1064,Felipe,Drugovich,"https://res.cloudinary.com/prod-f2f3/ar_16:9,c_fill,dpr_1.0,f_auto,g_auto,w_1000/v1/f2/global/drivers/2020/_R3I4975",16
1065,Luca,Ghiotto,"https://res.cloudinary.com/prod-f2f3/ar_16:9,c_fill,dpr_1.0,f_auto,g_auto,w_1000/v1/f2/global/drivers/2020/_R3I6427",13
1066,Dan ,Ticktum,"https://res.cloudinary.com/prod-f2f3/ar_16:9,c_fill,dpr_1.0,f_auto,g_auto,w_1000/v1/f2/global/drivers/2020/_R3I5862",5
1067,Jehan,Daruvala,"https://res.cloudinary.com/prod-f2f3/ar_16:9,c_fill,dpr_1.0,f_auto,g_auto,w_1000/v1/f2/global/drivers/2020/Daruvala_R3I5135",39
1068,Marcus ,Armstrong,"https://res.cloudinary.com/prod-f2f3/ar_16:9,c_fill,dpr_1.0,f_auto,g_auto,w_1000/v1/f2/global/drivers/2020/_R3I5937",1
1069,Jack,Aitken,"https://res.cloudinary.com/prod-f2f3/ar_16:9,c_fill,dpr_1.0,f_auto,g_auto,w_1000/v1/f2/global/drivers/2020/_R3I6588",5
1070,Nobuharu,Matsushita,"https://res.cloudinary.com/prod-f2f3/ar_16:9,c_fill,dpr_1.0,f_auto,g_auto,w_1000/v1/f2/global/drivers/2020/_R3I5810",26
1071,Juri,Vips,"https://res.cloudinary.com/prod-f2f3/ar_16:9,c_fill,dpr_1.0,f_auto,g_auto,w_1000/v1/f2/global/drivers/2020/Portrait-Base_Vips020-1",37
1072,Giuliano,Alesi,"https://res.cloudinary.com/prod-f2f3/ar_16:9,c_fill,dpr_1.0,f_auto,g_auto,w_1000/v1/f2/global/drivers/2020/_R3I5915",12
1073,Artiom,Markelov,"https://res.cloudinary.com/prod-f2f3/ar_16:9,c_fill,dpr_1.0,f_auto,g_auto,w_1000/v1/f2/global/drivers/2020/_R3I5903",25
1074,Roy,Nissany,"https://res.cloudinary.com/prod-f2f3/ar_16:9,c_fill,dpr_1.0,f_auto,g_auto,w_1000/v1/f2/global/drivers/2020/_R3I5668",40
1075,Pedro,Piquet,https://i1.wp.com/insidef2.com/wp-content/uploads/2020/01/3194881cedde0b036f9d89b8e7b21408.jpg?fit=795%2C530&ssl=1,16
1076,Sean,Gelael,https://www.premapowerteam.com/img/driver_gelael.jpg,11
1077,Marino,Sato,https://www.tridentmotorsport.com/en/assets/components/phpthumbof/cache/Sato_X4I6881_2kH.195ea3d4475b21f65a7808dedfb6fbe7.png,26
1078,Jake,Hughes,"https://res.cloudinary.com/prod-f2f3/ar_16:9,c_fill,dpr_1.0,f_auto,g_auto,w_1000/v1/f3/global/drivers/2020/_R3I6705",5
1079,Guilherme,Samaia,"https://res.cloudinary.com/prod-f2f3/ar_16:9,c_fill,dpr_1.0,f_auto,g_auto,w_1000/v1/f2/global/drivers/2020/_R3I6545",16
1080,Ralph,Boschung,https://res.cloudinary.com/prod-f2f3/ar_16:9,41
1081,Theo,Pourchaire,https://res.cloudinary.com/prod-f2f3/ar_16:9,12
1082,Nyck,de Vries,"https://res.cloudinary.com/prod-f2f3/ar_16:9,c_fill,dpr_1.0,f_auto,g_auto,w_1000/v1/f2/global/drivers/2019/_X4I0941",8
1083,Sergio,Sette Camara,https://upload.wikimedia.org/wikipedia/commons/4/4e/F12019_Schloss_Gabelhofen_%2819%29.jpg,16
1084,Jordan,King,https://upload.wikimedia.org/wikipedia/commons/0/00/2014_F3_HockenheimringII_Jordan_King_by_2eight_8SC4318.jpg,5
1085,Anthoine,Hubert,https://upload.wikimedia.org/wikipedia/commons/thumb/7/7a/Anthoine_Hubert_2013_%28cropped%29.JPG/150px-Anthoine_Hubert_2013_%28cropped%29.JPG,12
1086,Juan,Manuel Correa,https://www.motorsportgp.pl/images/2020/03/07/juan-manuel-correa-004_large.jpg,27
1087,Dorian,Boccolacci,https://lh3.googleusercontent.com/proxy/Wi5sgpMqwR4LzMu5O1SuMj6z5MqK_9eeCpUB5laAbb55oscSvrOP4F4Fb02uk48pCYgsmjk3Z9xDx_rAdOwbKidHO6fiCLQbp_hkn85XeZSN4vhga5NHzQRBvfDfjnAPymFg4tf3q2pwCg4,12
1088,Mahaveer,Raghunathan,https://www.racefans.net/wp-content/uploads/2019/08/racefansdotnet-20190830-221806-1.jpg,8
1089,Jean-Eric,Vergne,https://api.sofascore.com/api/v1/team/58761/image,12
1090,Seabstien,Buemi,https://api.sofascore.com/api/v1/team/246855/image,41
1091,Lucas,di Grassi,https://api.sofascore.com/api/v1/team/246859/image,16
1092,Robin,Frijns,https://api.sofascore.com/api/v1/team/285194/image,8
1093,Mitch,Evans,https://api.sofascore.com/api/v1/team/280433/image,1
1094,Antonio Felix,da Costa,https://api.sofascore.com/api/v1/team/135666/image,28
1095,Daniel,Abt,https://api.sofascore.com/api/v1/team/281343/image,6
1096,Andre,Lotterer,https://api.sofascore.com/api/v1/team/170718/image,6
1097,Sam,Bird,https://api.sofascore.com/api/v1/team/281342/image,5
1098,Oliver,Rowland,https://api.sofascore.com/api/v1/team/306466/image,5
1099,Jerome,d'Ambrosio,https://api.sofascore.com/api/v1/team/246957/image,18
1100,Alexander,Sims,https://api.sofascore.com/api/v1/team/306470/image,5
1101,Edoardo,Mortara,https://api.sofascore.com/api/v1/team/50690/image,41
1102,Max,Gunther,https://api.sofascore.com/api/v1/team/306469/image,6
1103,Alex,Lynn,https://api.sofascore.com/api/v1/team/280434/image,5
1104,Gary,Paffett,https://api.sofascore.com/api/v1/team/5078/image,5
1105,Oliver,Turvey,https://api.sofascore.com/api/v1/team/280435/image,5
1106,Jose,Maria Lopez,https://api.sofascore.com/api/v1/team/246976/image,35
1107,Nelson,Piquet Jr.,https://api.sofascore.com/api/v1/team/246956/image,16
1108,Tom,Dillmann,https://api.sofascore.com/api/v1/team/286574/image,12
1109,Felipe,Nasr,https://api.sofascore.com/api/v1/team/191416/image,16
1110,Felix,Rosenqvist,https://api.sofascore.com/api/v1/team/280436/image,19
